<?xml version="1.0"?>
<metadata xml:lang="en"><Esri><CreaDate>20151125</CreaDate><CreaTime>22082600</CreaTime><ArcGISFormat>1.0</ArcGISFormat><SyncOnce>TRUE</SyncOnce><ModDate>20151130</ModDate><ModTime>171539</ModTime><scaleRange><minScale>150000000</minScale><maxScale>5000</maxScale></scaleRange><ArcGISProfile>ItemDescription</ArcGISProfile></Esri><tool name="summarizeRasters" displayname="summarizeRasters" toolboxalias="PolyStat Tools" xmlns=""><arcToolboxHelpPath>c:\program files (x86)\arcgis\desktop10.3\Help\gp</arcToolboxHelpPath><parameters/><summary>&lt;DIV STYLE="text-align:Left;"&gt;&lt;P STYLE="font-size:16ptmargin:7 0 7 0;"&gt;&lt;SPAN&gt;&lt;SPAN&gt;The Summarize Rasters tool takes any polygon dataset as an input, and statistically summarizes user-selected attributes per polygon feature for one or more raster datasets that intersect that polygon. As an example, the user could specify a polygon dataset representing watersheds. The tool could calculate the mean elevation found within each watershed polygon, based on a spatially coincident digital elevation model.&lt;/SPAN&gt;&lt;/SPAN&gt;&lt;/P&gt;&lt;DIV&gt;&lt;P&gt;&lt;SPAN /&gt;&lt;/P&gt;&lt;/DIV&gt;&lt;/DIV&gt;</summary></tool><dataIdInfo><idCitation><resTitle>summarizeRasters</resTitle></idCitation><idAbs>&lt;DIV STYLE="text-align:Left;"&gt;&lt;P STYLE="font-size:16ptmargin:7 0 7 0;"&gt;&lt;SPAN&gt;&lt;SPAN&gt;The Summarize Rasters tool takes any polygon dataset as an input, and statistically summarizes user-selected attributes per polygon feature for one or more raster datasets that intersect that polygon. As an example, the user could specify a polygon dataset representing watersheds. The tool could calculate the mean elevation found within each watershed polygon, based on a spatially coincident digital elevation model.&lt;/SPAN&gt;&lt;/SPAN&gt;&lt;/P&gt;&lt;DIV&gt;&lt;P&gt;&lt;SPAN /&gt;&lt;/P&gt;&lt;/DIV&gt;&lt;/DIV&gt;</idAbs></dataIdInfo><distInfo><distributor><distorFormat><formatName>ArcToolbox Tool</formatName></distorFormat></distributor></distInfo><mdHrLv><ScopeCd value="005"/></mdHrLv></metadata>
