<metadata xml:lang="en"><Esri><CreaDate>20180109</CreaDate><CreaTime>12411700</CreaTime><ArcGISFormat>1.0</ArcGISFormat><SyncOnce>TRUE</SyncOnce><ModDate>20180109</ModDate><ModTime>14120800</ModTime><scaleRange><minScale>150000000</minScale><maxScale>5000</maxScale></scaleRange><ArcGISProfile>ItemDescription</ArcGISProfile></Esri><tool name="SummarizeRastersTool" displayname="Summarize Rasters" toolboxalias="PolyStat Tools" xmlns=""><arcToolboxHelpPath>c:\program files (x86)\arcgis\desktop10.4\Help\gp</arcToolboxHelpPath><parameters><param name="in_ply" displayname="Input polygon feature class" type="Required" direction="Input" datatype="Feature Class" expression="in_ply"><dialogReference>&lt;DIV STYLE="text-align:Left;"&gt;&lt;DIV&gt;&lt;DIV&gt;&lt;P&gt;&lt;SPAN&gt;Polygon feature class that will be used to summarize raster values.&lt;/SPAN&gt;&lt;/P&gt;&lt;/DIV&gt;&lt;/DIV&gt;&lt;/DIV&gt;</dialogReference></param><param name="in_fc_join_field" displayname="Zone field" type="Required" direction="Input" datatype="Field" expression="in_fc_join_field"><dialogReference>&lt;DIV STYLE="text-align:Left;"&gt;&lt;DIV&gt;&lt;DIV&gt;&lt;P&gt;&lt;SPAN&gt;Attribute field in the input polygon feature class which stores unique values for each polygon feature. The values in this field will be add to a new field in the output feature class called ZONE_INDEX.&lt;/SPAN&gt;&lt;/P&gt;&lt;/DIV&gt;&lt;/DIV&gt;&lt;/DIV&gt;</dialogReference></param><param name="bool_overlap" displayname="Do the input polygon features overlap (e.g. upstream catchments)?" type="Optional" direction="Input" datatype="Boolean" expression="{bool_overlap}"><dialogReference>&lt;DIV STYLE="text-align:Left;"&gt;&lt;DIV&gt;&lt;DIV&gt;&lt;P&gt;&lt;SPAN&gt;When checked, the &lt;/SPAN&gt;&lt;SPAN STYLE="font-weight:bold;"&gt;Summarize Rasters &lt;/SPAN&gt;&lt;SPAN&gt;tool will iterate through the input polygon feature class and summarize raster values for each polygon feature separately. Choosing this option will significantly increase tool processing time.&lt;/SPAN&gt;&lt;/P&gt;&lt;/DIV&gt;&lt;/DIV&gt;&lt;/DIV&gt;</dialogReference></param><param name="stat_list" displayname="Summary parameter data list" type="Required" direction="Input" datatype="Value Table" expression="Raster Dataset {Statistic Type} {Summary Field Name};Raster Dataset {Statistic Type} {Summary Field Name}..."><dialogReference>&lt;DIV STYLE="text-align:Left;"&gt;&lt;DIV&gt;&lt;DIV&gt;&lt;P&gt;&lt;SPAN&gt;Each raster dataset to be summarized must be added as an entry in the summary parameter data list. &lt;/SPAN&gt;&lt;/P&gt;&lt;UL&gt;&lt;LI&gt;&lt;P&gt;&lt;SPAN STYLE="font-style:italic;"&gt;Raster Dataset&lt;/SPAN&gt;&lt;SPAN&gt;: Browse and add a local raster dataset file&lt;/SPAN&gt;&lt;/P&gt;&lt;/LI&gt;&lt;LI&gt;&lt;P&gt;&lt;SPAN STYLE="font-style:italic;"&gt;Statistic Type&lt;/SPAN&gt;&lt;SPAN&gt;: Choose one of the available summary statistic types from the list&lt;/SPAN&gt;&lt;/P&gt;&lt;/LI&gt;&lt;LI&gt;&lt;P&gt;&lt;SPAN STYLE="font-style:italic;"&gt;Summary Field Name&lt;/SPAN&gt;&lt;SPAN&gt;: Type in the name of the new attribute field which will store the summarized values for this raster dataset&lt;/SPAN&gt;&lt;/P&gt;&lt;/LI&gt;&lt;/UL&gt;&lt;/DIV&gt;&lt;/DIV&gt;&lt;/DIV&gt;</dialogReference></param><param name="out_fc" displayname="Output feature class" type="Required" direction="Output" datatype="Feature Class" expression="out_fc"><dialogReference>&lt;DIV STYLE="text-align:Left;"&gt;&lt;DIV&gt;&lt;P&gt;&lt;SPAN&gt;The output polygon feature class that will be generated by the &lt;/SPAN&gt;&lt;SPAN STYLE="font-weight:bold;"&gt;Summarize Rasters&lt;/SPAN&gt;&lt;SPAN&gt; tool.  Each summarized raster dataset will result in a new attribute field in this feature class.&lt;/SPAN&gt;&lt;/P&gt;&lt;/DIV&gt;&lt;/DIV&gt;</dialogReference></param></parameters><summary>&lt;DIV STYLE="text-align:Left;"&gt;&lt;DIV&gt;&lt;DIV&gt;&lt;P STYLE="margin:0 0 0 0;"&gt;&lt;SPAN&gt;The &lt;/SPAN&gt;&lt;SPAN STYLE="font-weight:bold;"&gt;Summarize Rasters &lt;/SPAN&gt;&lt;SPAN&gt;tool takes any polygon dataset as an input, and statistically summarizes user-selected attributes per polygon feature for one or more raster datasets&lt;/SPAN&gt;&lt;SPAN /&gt;&lt;SPAN&gt;that intersect that polygon. As an example, the user could specify a polygon dataset&lt;/SPAN&gt;&lt;SPAN /&gt;&lt;SPAN&gt;representing watersheds. The tool could calculate the mean elevation found within each&lt;/SPAN&gt;&lt;SPAN /&gt;&lt;SPAN&gt;watershed polygon, based on a spatially coincident digital elevation model.&lt;/SPAN&gt;&lt;/P&gt;&lt;/DIV&gt;&lt;/DIV&gt;&lt;/DIV&gt;</summary></tool><dataIdInfo><idCitation><resTitle>Summarize Rasters</resTitle></idCitation><idAbs>&lt;DIV STYLE="text-align:Left;"&gt;&lt;DIV&gt;&lt;DIV&gt;&lt;P STYLE="margin:0 0 0 0;"&gt;&lt;SPAN&gt;The &lt;/SPAN&gt;&lt;SPAN STYLE="font-weight:bold;"&gt;Summarize Rasters &lt;/SPAN&gt;&lt;SPAN&gt;tool takes any polygon dataset as an input, and statistically summarizes user-selected attributes per polygon feature for one or more raster datasets&lt;/SPAN&gt;&lt;SPAN /&gt;&lt;SPAN&gt;that intersect that polygon. As an example, the user could specify a polygon dataset&lt;/SPAN&gt;&lt;SPAN /&gt;&lt;SPAN&gt;representing watersheds. The tool could calculate the mean elevation found within each&lt;/SPAN&gt;&lt;SPAN /&gt;&lt;SPAN&gt;watershed polygon, based on a spatially coincident digital elevation model.&lt;/SPAN&gt;&lt;/P&gt;&lt;/DIV&gt;&lt;/DIV&gt;&lt;/DIV&gt;</idAbs><idCredit>Jesse Langdon</idCredit><searchKeys><keyword>polygon</keyword><keyword>raster</keyword><keyword>summary</keyword></searchKeys></dataIdInfo><distInfo><distributor><distorFormat><formatName>ArcToolbox Tool</formatName></distorFormat></distributor></distInfo><mdHrLv><ScopeCd value="005"/></mdHrLv></metadata>
